{"metadata":{"name":"Untitled nameset","description":"","authors":[],"date_created":"2022-05-27T15:51:50.481Z","last_saved":"2022-05-27T15:52:38.266Z","save_count":2,"previous_filename":null,"latest_ott_version":null},"mappingHints":{"description":"Aids for mapping listed names to OTT taxa","searchContext":"All life","useFuzzyMatching":false,"autoAcceptExactMatches":false,"substitutions":[{"active":true,"old":"","new":"","valid":true}]},"names":[{"id":"name1","originalLabel":" Dendrocygna autumnalis ","selectedForAction":false,"defaultSortOrder":0,"ottId":662608,"ottTaxonName":"Dendrocygna autumnalis","taxonomicSources":["ncbi:8873","worms:422567","gbif:2498393","irmng:10189259"]},{"id":"name2","originalLabel":" Dendrocygna bicolor ","selectedForAction":false,"defaultSortOrder":1,"ottId":662618,"ottTaxonName":"Dendrocygna bicolor","taxonomicSources":["ncbi:8874","worms:212674","gbif:2498402","irmng:10189260"]},{"id":"name3","originalLabel":" Anser caerulescens","selectedForAction":false,"defaultSortOrder":2,"ottId":190878,"ottTaxonName":"Anser caerulescens","taxonomicSources":["ncbi:8849","worms:159204","gbif:2498165","irmng:11167814","irmng:10195594"]},{"id":"name4","originalLabel":" Anser rossii ","selectedForAction":false,"defaultSortOrder":3,"ottId":767830,"ottTaxonName":"Anser rossii","taxonomicSources":["ncbi:56281","worms:159086","irmng:10824526","irmng:10189256","irmng:10189258"]},{"id":"name5","originalLabel":" Anser albifrons","selectedForAction":false,"defaultSortOrder":4,"ottId":430239,"ottTaxonName":"Anser albifrons","taxonomicSources":["ncbi:50365","worms:159159","gbif:2498017","irmng:10587752"]},{"id":"name6","originalLabel":" Anser brachyrhynchus ","selectedForAction":false,"defaultSortOrder":5,"ottId":970372,"ottTaxonName":"Anser brachyrhynchus","taxonomicSources":["ncbi:132585","worms:416683","gbif:2498024","irmng:10767173"]},{"id":"name7","originalLabel":" Branta bernicla","selectedForAction":false,"defaultSortOrder":6,"ottId":135287,"ottTaxonName":"Branta bernicla","taxonomicSources":["ncbi:184712","worms:159175","gbif:5232446","irmng:11345921"]},{"id":"name8","originalLabel":" Branta leucopsis ","selectedForAction":false,"defaultSortOrder":7,"ottId":799124,"ottTaxonName":"Branta leucopsis","taxonomicSources":["ncbi:184711","worms:159177","gbif:5232464","irmng:10195591"]},{"id":"name9","originalLabel":" Branta hutchinsii","selectedForAction":false,"defaultSortOrder":8,"ottId":972531,"ottTaxonName":"Branta hutchinsii","taxonomicSources":["ncbi:371860","worms:422569","gbif:5232452","irmng:11831705"]},{"id":"name10","originalLabel":" Branta canadensis ","selectedForAction":false,"defaultSortOrder":9,"ottId":714461,"ottTaxonName":"Branta canadensis","taxonomicSources":["ncbi:8853","worms:159176","gbif:5232437","irmng:10585055"]},{"id":"name11","originalLabel":" Cygnus olor ","selectedForAction":false,"defaultSortOrder":10,"ottId":140314,"ottTaxonName":"Cygnus olor","taxonomicSources":["ncbi:8869","worms:159090","gbif:2498343","irmng:11123166"]},{"id":"name12","originalLabel":" Cygnus buccinator ","selectedForAction":false,"defaultSortOrder":11,"ottId":870606,"ottTaxonName":"Cygnus buccinator","taxonomicSources":["ncbi:48397","worms:422570","gbif:2498345","irmng:10857024","irmng:10684629"]},{"id":"name13","originalLabel":" Cygnus columbianus ","selectedForAction":false,"defaultSortOrder":12,"ottId":207360,"ottTaxonName":"Cygnus columbianus","taxonomicSources":["ncbi:110926","worms:159088","gbif:2498338","irmng:11267548","irmng:10997958"]},{"id":"name14","originalLabel":" Aix sponsa ","selectedForAction":false,"defaultSortOrder":13,"ottId":765195,"ottTaxonName":"Aix sponsa","taxonomicSources":["ncbi:8833","worms:158938","gbif:2498387","irmng:10840166"]},{"id":"name15","originalLabel":" Spatula querquedula ","selectedForAction":false,"defaultSortOrder":14,"ottId":604176,"ottTaxonName":"Anas querquedula","taxonomicSources":["ncbi:75856","worms:159169","gbif:2498083","irmng:11267700"]},{"id":"name16","originalLabel":" Spatula discors ","selectedForAction":false,"defaultSortOrder":15,"ottId":82415,"ottTaxonName":"Anas discors","taxonomicSources":["ncbi:75842","worms:159167","gbif:2498073","irmng:10839936"]},{"id":"name17","originalLabel":" Spatula cyanoptera ","selectedForAction":false,"defaultSortOrder":16,"ottId":82411,"ottTaxonName":"Anas cyanoptera","taxonomicSources":["ncbi:75840","worms:225906","gbif:2498139","irmng:10189002"]},{"id":"name18","originalLabel":" Spatula clypeata ","selectedForAction":false,"defaultSortOrder":17,"ottId":656794,"ottTaxonName":"Anas clypeata","taxonomicSources":["ncbi:75838","worms:158941","gbif:2498089","irmng:11106046"]},{"id":"name19","originalLabel":" Mareca strepera ","selectedForAction":false,"defaultSortOrder":18,"ottId":30856,"ottTaxonName":"Mareca strepera","taxonomicSources":["ncbi:75861","worms:159171","irmng:10855351"]},{"id":"name20","originalLabel":" Mareca penelope","selectedForAction":false,"defaultSortOrder":19,"ottId":765180,"ottTaxonName":"Mareca penelope","taxonomicSources":["ncbi:8838","worms:159168","gbif:2498111","irmng:11307816"]},{"id":"name21","originalLabel":" Mareca americana ","selectedForAction":false,"defaultSortOrder":20,"ottId":656788,"ottTaxonName":"Mareca americana","taxonomicSources":["ncbi:75832","worms:158940","gbif:2498154","irmng:10839935"]},{"id":"name22","originalLabel":" Anas platyrhynchos ","selectedForAction":false,"defaultSortOrder":21,"ottId":765167,"ottTaxonName":"Anas platyrhynchos","taxonomicSources":["ncbi:8839","worms:148791","gbif:9761484","irmng:10840147"]},{"id":"name23","originalLabel":" Anas rubripes ","selectedForAction":false,"defaultSortOrder":22,"ottId":604178,"ottTaxonName":"Anas rubripes","taxonomicSources":["ncbi:75857","worms:159170","gbif:9581438","irmng:10195867"]},{"id":"name24","originalLabel":" Anas acuta ","selectedForAction":false,"defaultSortOrder":23,"ottId":855474,"ottTaxonName":"Anas acuta","taxonomicSources":["ncbi:28680","worms:158939","gbif:2498112","irmng:10587754"]},{"id":"name25","originalLabel":" Anas crecca ","selectedForAction":false,"defaultSortOrder":24,"ottId":656799,"ottTaxonName":"Anas crecca","taxonomicSources":["ncbi:75839","worms:158943","gbif:8214667","irmng:10195576"]},{"id":"name26","originalLabel":" Aythya valisineria","selectedForAction":false,"defaultSortOrder":25,"ottId":832938,"ottTaxonName":"Aythya valisineria","taxonomicSources":["ncbi:110915","worms:159173","gbif:2498256","irmng:10884721"]},{"id":"name27","originalLabel":" Aythya americana","selectedForAction":false,"defaultSortOrder":26,"ottId":693332,"ottTaxonName":"Aythya americana","taxonomicSources":["ncbi:30385","worms:159162","gbif:2498263","irmng:10195882"]},{"id":"name28","originalLabel":" Aythya collaris ","selectedForAction":false,"defaultSortOrder":27,"ottId":1044563,"ottTaxonName":"Aythya collaris","taxonomicSources":["ncbi:189535","worms:159163","gbif:2498264","irmng:10195883"]},{"id":"name29","originalLabel":" Aythya fuligula ","selectedForAction":false,"defaultSortOrder":28,"ottId":817992,"ottTaxonName":"Aythya fuligula","taxonomicSources":["ncbi:219594","worms:159164","gbif:2498261","irmng:10200088"]},{"id":"name30","originalLabel":" Aythya marila","selectedForAction":false,"defaultSortOrder":29,"ottId":1044561,"ottTaxonName":"Aythya marila","taxonomicSources":["ncbi:189534","worms:159172","gbif:2498265","irmng:11059080"]},{"id":"name31","originalLabel":" Aythya affinis","selectedForAction":false,"defaultSortOrder":30,"ottId":1044556,"ottTaxonName":"Aythya affinis","taxonomicSources":["ncbi:189533","worms:159161","gbif:2498257","irmng:10762371"]},{"id":"name32","originalLabel":" Polysticta stelleri ","selectedForAction":false,"defaultSortOrder":31,"ottId":1050966,"ottTaxonName":"Polysticta stelleri","taxonomicSources":["ncbi:234623","worms:232041","gbif:5232431","irmng:10999908"]},{"id":"name33","originalLabel":" Somateria spectabilis","selectedForAction":false,"defaultSortOrder":32,"ottId":633262,"ottTaxonName":"Somateria spectabilis","taxonomicSources":["ncbi:203439","worms:137075","gbif:2498350","irmng:11342721"]},{"id":"name34","originalLabel":" Somateria mollissima ","selectedForAction":false,"defaultSortOrder":33,"ottId":785961,"ottTaxonName":"Somateria mollissima","taxonomicSources":["ncbi:76058","worms:137074","gbif:2498352","irmng:11099727"]},{"id":"name35","originalLabel":" Histrionicus histrionicus","selectedForAction":false,"defaultSortOrder":34,"ottId":679317,"ottTaxonName":"Histrionicus histrionicus","taxonomicSources":["ncbi:68165","worms:159092","gbif:2498224","irmng:10199833"]},{"id":"name36","originalLabel":" Camptorhynchus labradorius ","selectedForAction":false,"defaultSortOrder":35,"ottId":526047,"ottTaxonName":"Camptorhynchus labradorius","taxonomicSources":["ncbi:399386","worms:159202","irmng:10840879"]},{"id":"name37","originalLabel":" Melanitta perspicillata","selectedForAction":false,"defaultSortOrder":36,"ottId":972536,"ottTaxonName":"Melanitta perspicillata","taxonomicSources":["ncbi:371863","worms:159095","gbif:2498246","irmng:10594098"]},{"id":"name38","originalLabel":" Melanitta deglandi","selectedForAction":false,"defaultSortOrder":37,"ottId":5560147,"ottTaxonName":"Melanitta deglandi","taxonomicSources":["worms:567404","irmng:11181568"]},{"id":"name39","originalLabel":" Melanitta americana","selectedForAction":false,"defaultSortOrder":38,"ottId":5560148,"ottTaxonName":"Melanitta americana","taxonomicSources":["ncbi:1581554","worms:366594","irmng:11788060"]},{"id":"name40","originalLabel":" Clangula hyemalis","selectedForAction":false,"defaultSortOrder":39,"ottId":316879,"ottTaxonName":"Clangula hyemalis","taxonomicSources":["ncbi:197941","worms:137071","gbif:2498273","irmng:10590514"]},{"id":"name41","originalLabel":" Bucephala albeola","selectedForAction":false,"defaultSortOrder":40,"ottId":654820,"ottTaxonName":"Bucephala albeola","taxonomicSources":["ncbi:279934","worms:159179","gbif:2498329","irmng:10199832","irmng:11217804"]},{"id":"name42","originalLabel":" Bucephala clangula","selectedForAction":false,"defaultSortOrder":41,"ottId":166683,"ottTaxonName":"Bucephala clangula","taxonomicSources":["ncbi:107022","worms:159197","gbif:2498326","irmng:11008974"]},{"id":"name43","originalLabel":" Bucephala islandica","selectedForAction":false,"defaultSortOrder":42,"ottId":780952,"ottTaxonName":"Bucephala islandica","taxonomicSources":["ncbi:40833","worms:159198","gbif:2498325","irmng:10199829"]},{"id":"name44","originalLabel":" Lophodytes cucullatus ","selectedForAction":false,"defaultSortOrder":43,"ottId":809009,"ottTaxonName":"Lophodytes cucullatus","taxonomicSources":["ncbi:279951","worms:159094","gbif:2498408","irmng:10190118","irmng:10797406"]},{"id":"name45","originalLabel":" Mergus merganser ","selectedForAction":false,"defaultSortOrder":44,"ottId":88388,"ottTaxonName":"Mergus merganser","taxonomicSources":["ncbi:8880","worms:159097","gbif:9537647","irmng:10587529"]},{"id":"name46","originalLabel":" Mergus serrator ","selectedForAction":false,"defaultSortOrder":45,"ottId":662625,"ottTaxonName":"Mergus serrator","taxonomicSources":["ncbi:8879","worms:159098","gbif:2498375","irmng:11027556"]},{"id":"name47","originalLabel":" Nomonyx dominicus ","selectedForAction":false,"defaultSortOrder":46,"ottId":892281,"ottTaxonName":"Nomonyx dominica","taxonomicSources":["ncbi:555276","worms:422574","gbif:2498316","irmng:11308391","irmng:11418238"]},{"id":"name48","originalLabel":" Oxyura jamaicensis ","selectedForAction":false,"defaultSortOrder":47,"ottId":88378,"ottTaxonName":"Oxyura jamaicensis","taxonomicSources":["ncbi:8884","worms:159100","gbif:2498305","irmng:10193187"]}]}